[
    {
        "title": "transformação",
        "body": "Transformar o País pela Educação é o que nos move.",
        "icon": "ic_transformacao_anima.png",
        "detail": {
            "spotlight": "É com paixão, comprometimento e competência que vamos transformar o país pela educação.",
            "message": "Sabemos que o trabalho nunca está pronto: buscamos fazer sempre mais e melhor, pois temos consciência de nossa responsabilidade e de nosso protagonismo na transformação da educação brasileira."
        }
    },
    {
        "title": "o aluno",
        "body": "O aluno é o centro da escola e o professor é a sua grande inspiração.",
        "icon": "ic_aluno_anima.png",
        "detail": {
            "spotlight": "Nossa prioridade é o aluno. Sempre tomamos decisões que contribuem para o seu sucesso e para a sua realização.",
            "message": "O professor é o principal agente do processo de aprendizagem: ele é uma referência, um exemplo e fonte de inspiração para todos."
        }
    },
    {
        "title": "tecnologia",
        "body": "A tecnologia é um dos pilares do nosso projeto de transformação do país.",
        "icon": "ic_tecnologia_anima.png",
        "detail": {
            "spotlight": "Nossas práticas pedagógicas devem ser sempre as mais efetivas possíveis. Buscamos conhecer as mais modernas tecnologias educacionais disponíveis para implementá-las e replicá-las em escala.",
            "message": "Entendemos tecnologia como algo para aumentar a efetividade do processo de aprendizagem."
        }
    },
    {
        "title": "confiança",
        "body": "Confiamos em nossas escolas e nossos filhos estudam nelas.",
        "icon": "ic_confianca_anima.png",
        "detail": {
            "spotlight": "Confiamos na educação que oferecemos e na seriedade do nosso trabalho.",
            "message": "Nosso compromisso está em fazer o máximo possível para a realização de nossos estudantes."
        }
    },
    {
        "title": "interação",
        "body": "Em uma escola, até as paredes educam. A educação está em cada interação.",
        "icon": "ic_interacao_anima.png",
        "detail": {
            "spotlight": "O exemplo é a condição para educar. Somos o que acreditamos, entregamos o que prometemos e agimos da mesma forma que esperamos que os outros nos tratem. Não importa nossas formações ou funções: temos alma de educador.",
            "message": "Somos todos educadores apaixonados pela transformação."
        }
    },
    {
        "title": "líderes",
        "body": "Nossos líderes são empreendedores.",
        "icon": "ic_lideres_anima.png",
        "detail": {
            "spotlight": "Nossos líderes buscam oportunidades, assumem riscos calculados e constroem pontes. São movidos por uma causa, inspirando e desenvolvendo seus liderados.",
            "message": "Valorizamos as ideias, não os cargos. Acreditamos no trabalho em equipe. Valorizamos, sobretudo: integridade, motivação e competência."
        }
    },
    {
        "title": "futuro",
        "body": "O resultado não é um fim, mas o meio para se construir o futuro.",
        "icon": "ic_futuro_anima.png",
        "detail": {
            "spotlight": "Trabalhamos não só para alcançar resultados superiores, mas sobretudo para proporcionar melhorias concretas para nossos estudantes, professores e acionistas.",
            "message": "Estamos comprometidos com uma entrega de excelência, capaz de gerar resultados que garantam nosso sucesso e a sustentabilidade a longo prazo."
        }
    },
    {
        "title": "a ânima",
        "body": "A Ânima é da Ânima.",
        "icon": "ic_anima_anima.png",
        "detail": {
            "spotlight": "Todos que trabalham aqui devem ter na Ânima um espaço de realização com um objetivo comum: transformar o país pela educação.",
            "message": "Cuidamos da Ânima com postura de sócios, de modo que nossas decisões afetam resultados a curto, médio e longo prazo."
        }
    }
]